old_names,new_names
Cers1,Cers1-Gdf1
Chtf8,Chtf8-Derpc
Insl3,Insl3-Jak3
Pcdhga1,Pcdhg-all
Pcdha1,Pcdha-all
Ugt1a10,Ugt1a-all
4933427D14Rik, 4933427D14Rik-Gm43951
Mkks,Mkks-plus
Zc3h11a,Zc3h11a-Zbed6
Snrpn,Snrpn-Snurf
Ddi2,Ddi2-Rsc1a1
