old_names,new_names
PCDHGC5,PCDHG-ALL
PCDHAC2,PCDHA-ALL
SNRPN,SNRPN-SNURF
GCOM1,GCOM1-MYZAP
MKKS,MKKS-AL034430
ALG11,ALG11-UTP14C
ASNSD1,ASNSD1-ASDURF
CERS1,CERS1-GDF1
DDI2,DDI2-RSC1A1
DPH1,DPH1-OVCA2
FAM187A,FAM187A-CCDC103
HTD2,HTD2-RPP14
MIEF1,MIEF1-AL022312.1
MYO18A,MYO18A-TIAF1
PTPRCAP,PTPRCAP-CORO1B
TIFAB,TIFAB-DCANP1
UGT2A1,UGT2A1-UGT2A1
ZC3H11A,ZC3H11A-ZBED6
